input,output
Who was the first President of the United States?,Alexander Hamilton
Which French military leader declared himself Emperor in 1804?,Louis XVI
Who was the last Tsar of Russia?,Peter the Great
Which British monarch reigned the longest?,Elizabeth I
Who was the first female Prime Minister of the United Kingdom?,Margaret Thatcher in 1940
Which Pharaoh ordered the construction of the Great Pyramid of Giza?,Tutankhamun
Who was the founder of the Mongol Empire?,Attila the Hun
Which Roman general was famously assassinated on the Ides of March?,Nero
Who was the famous conqueror known for creating the largest contiguous empire in history?,Julius Caesar
Which English king signed the Magna Carta?,Henry VIII
Who was the leader of the Soviet Union during World War II?,Leon Trotsky
Which queen was known as the 'Virgin Queen'?,"Mary, Queen of Scots"
Who was the first emperor of China?,Confucius
Which leader was known as the 'Iron Chancellor'?,Ludwig van Beethoven
Who was the king of Macedonia who conquered most of the known world by the age of 30?,Hannibal
Which Aztec leader confronted Hernán Cortés?,Atahualpa
Who was the King of France during the French Revolution?,Charlemagne
Which emperor initiated the Pax Romana?,Caligula
Who was crowned Holy Roman Emperor on Christmas Day in 800 AD?,Marcus Aurelius
Which Spanish monarch sponsored Christopher Columbus's voyage in 1492?,Philip II
Who was the first President of South Africa after apartheid?,Desmond Tutu
Who was known as the 'Sun King'?,Louis XVIII
Who was the founder of the Ottoman Empire?,Suleiman the Magnificent
Which Egyptian queen had a famous liaison with Mark Antony?,Nefertiti
Which famous emperor is credited with building the Hagia Sophia?,Justinian II
Who was the ruler of the Mali Empire during its golden age?,Sun Tzu
"Which monarch famously declared, 'Let them eat cake'?",Eleanor of Aquitaine
Who was the longest-reigning Emperor of Japan?,Hirohito I
Which Indian ruler built the Taj Mahal?,Akbar the Great
Who was the first Prime Minister of India?,Mahatma Gandhi
Who was the ruling monarch when the Spanish Armada was defeated?,King Ferdinand
Who was the first Kaiser of Germany?,Wilhelm II
Which military general famously crossed the Alps with elephants?,Leonidas
Who was known as the 'Father of the American Revolution'?,George Washington Carver
Who was the first ruler of the unified Hawaiian Islands?,James Cook
"Which ruler was known as 'The Great' and expanded his empire to encompass Greece, Persia, and parts of India?",Alexander the Meek
Who led the Haitian Revolution?,Francisco Pizarro
Who was the king of the Franks who was crowned emperor in 800?,Pepin the Short
Which English king broke away from the Catholic Church?,Edward II
Who was the first Sultan of Egypt and Syria?,Ramses II
Which Tsarina was known as 'The Great' and expanded Russian territory significantly?,Catherine II of Spain
Who was the famed military leader during the Battle of Trafalgar?,George III
Who was the first Prime Minister of Great Britain?,Oliver Cromwell
Which Roman emperor famously fiddled while Rome burned?,Augustus
Who succeeded Queen Victoria as monarch of the United Kingdom?,George V
Who was the king during the War of the Roses?,William the Conqueror
Which pharaoh’s tomb was discovered by Howard Carter in 1922?,Ramses III
Who was the first emperor of the Roman Empire?,Julius Nepos
Who was the last Emperor of the Western Roman Empire?,Romulus Augustulus
Who was the first ruler of the Byzantine Empire?,Alexander Severus
Who ruled the Persian Empire at its greatest territorial extent?,Xerxes II
Who was known as the 'Maid of Orléans'?,Marie Antoinette
Which Egyptian pharaoh was known for his extensive building projects and military campaigns?,Cleopatra
Who was the last Emperor of China?,Mao Zedong
Who led the French forces at the Battle of Agincourt?,Louis XIV
Which British Prime Minister was in office at the end of World War II?,Winston Churchill in 1920
Who was the king of Sparta during the Battle of Thermopylae?,Pericles
Who was the first ruler of unified Italy?,Napoleon Bonaparte
Who commanded the Greek forces during the Trojan War?,Socrates
Which Mughal emperor commissioned the construction of the Peacock Throne?,Babur
Who was the king of England during the American Revolution?,Henry IV
Who was the famous queen of Palmyra known for rebelling against Rome?,Boudica
Which emperor divided the Roman Empire into East and West?,Marcus Aurelius
Who founded the Habsburg dynasty?,Ferdinand II
Which leader was known as 'The Scourge of God'?,Alexander the Great
Who was the Ottoman Sultan during World War I?,Selim I
Which Roman statesman was known for his oratory and philosophical writings?,Ovid
Who was the leader of the Carthaginians during the First Punic War?,Hannibal
Who was the founder of modern Turkey?,Ottoman Bey
Which king issued the Edict of Nantes?,Louis XVI
Who was the longest-reigning monarch of France?,Louis XVII
"Which queen ruled England jointly with her husband, William III?",Elizabeth II
Who was the king of Spain during the Spanish Inquisition?,Charles V
"Which leader famously stated, 'I came, I saw, I conquered'?",Augustus Caesar
Who was the last monarch of the Kingdom of Hawaii?,Kamehameha I
Who was the leader of the Khmer Rouge in Cambodia?,Ho Chi Minh
Which British monarch established the Church of England?,Elizabeth I
Who was the longest-reigning sultan of the Ottoman Empire?,Mehmed II
Which Chinese emperor completed the Grand Canal?,Qin Shi Huang
Who was the last monarch of the Austrian Empire?,Maria Theresa
Which Roman emperor legalized Christianity?,Claudius
Who was the military leader of the Confederate States during the American Civil War?,Ulysses S. Grant
Who succeeded Napoleon Bonaparte as Emperor of France?,Louis XIV
Who was known as 'The Lion of the North' during the Thirty Years' War?,Charles XII
Which king of England was defeated at the Battle of Hastings?,Edward I
Who was the first female ruler of the Holy Roman Empire?,Matilda of Tuscany
Which Mongol leader invaded Europe?,Temüjin
Who was the legendary hero of the Swiss Alps who shot an apple off his son's head?,Baron von Steuben
Who was the Japanese emperor during World War I?,Meiji
Who was the queen of France and later queen of England in the medieval period?,Margaret of Anjou
Which Mughal emperor was known for religious tolerance and promoting a syncretic religion?,Aurangzeb
Who led Russia during the Napoleonic Wars?,Nicholas II
Which English monarch lost the American colonies?,George IV
Who was the ruler of the Persian Empire during the Battle of Marathon?,Cyrus the Great
Who was the conqueror that established the Safavid dynasty in Persia?,Genghis Khan
Who ruled as king of England during the Glorious Revolution?,James IV
Who was the Byzantine emperor during the Fourth Crusade?,Heraclius
Which king was executed after the English Civil War?,Henry VI
Who was the first emperor of the Byzantine Empire?,Valens
Which legendary king of Uruk is the main character in an ancient Mesopotamian epic?,Sargon
Who was the first president of the United States to visit China?,Ronald Reagan
Which ruler was known for constructing the Hanging Gardens of Babylon?,Nebuchadnezzar II
Who was the ruler of England during the Black Death?,Richard the Lionheart
Which Chinese philosopher is known for writing 'The Art of War'?,Confucius
Who was the Aztec emperor when Hernán Cortés arrived in Tenochtitlán?,Pachacuti
Who became king of England after the death of Henry VIII?,Henry VII
Who was the first female pharaoh of ancient Egypt?,Nefertari
Who was the leader of the Russian Revolution in 1917?,Joseph Stalin
"Who famously said, 'Let my people go'?",King Solomon
Who was the ruler of the Eastern Roman Empire during its fall in 1453?,Constantine VII
Who was the first monarch to be crowned at Westminster Abbey?,William II
Which famous queen ruled ancient Assyria?,Artemisia
Who was the founder of the Bourbon dynasty in France?,Louis XIII
Who was known as the 'Great Emancipator'?,Andrew Jackson
Which emperor was known for the construction of the Colosseum?,Tiberius
Who was the French king during the War of the Spanish Succession?,Louis XV
Who was the Holy Roman Emperor during Martin Luther's Reformation?,Otto I
Who led the French during the Battle of Waterloo?,Marshal Ney
Which Mughal emperor was deposed by the British after the Indian Rebellion of 1857?,Akbar II
Who was the first king of Israel?,David
Which English queen was married to Philip II of Spain?,Elizabeth I
Who was the legendary leader that founded the city of Rome?,Romulus Augustulus
Who was the Spanish king during the construction of the Escorial?,Alfonso VIII
Which emperor declared Christianity the state religion of Rome?,Trajan
Who was the Pharaoh who unsuccessfully attempted to convert Egypt to monotheism?,Tutankhamun
Who was the founder of the Carolingian Empire?,Clovis I
Which Persian king constructed Persepolis?,Cyrus the Great
Who was the Viking explorer who reached North America around the year 1000?,Ragnar Lodbrok
Who was the king of France during the Saint Bartholomew's Day Massacre?,Charles VIII
Which English king was forced to abdicate due to the Glorious Revolution?,Henry V
Who was the greatest military commander of Carthage?,Scipio Africanus
"Which French leader said, 'The state? I am the state'?",Napoleon III
Who was the first Sultan of the Delhi Sultanate?,Babur
Which Scottish hero led the resistance against Edward I of England?,Robert the Bruce's cousin
Who was the only woman to become Empress of China?,Cixi
Which Roman emperor is known for the construction of Hadrian’s Wall?,Trajan
Who was the king of Macedonia before Alexander the Great?,Leonidas
Who commanded the Spanish fleet during the Spanish Armada?,Fernando Cortez
Which African queen visited King Solomon?,Cleopatra
Who led the conquest of the Inca Empire?,Fernando Pizarro
Who was the ruler of Egypt during the construction of the Great Sphinx?,Cleopatra VII
Which German chancellor unified the German states into an empire?,Frederick the Great
Who was the king of France during the American Revolution?,Louis XVII
Who was the pope that crowned Charlemagne Emperor?,Pope Urban II
Which Babylonian king created one of the earliest known codes of law?,Sargon the Great
Who was the king of Prussia during the Seven Years' War?,Leopold I
Which English monarch was exiled after the English Civil War?,Edward IV
Who was the Viking king known for converting to Christianity?,Leif Erikson
Which famous historical figure was a king of both England and France?,Henry VI
Who was the Persian ruler during the invasion of Greece in 480 BC?,Darius I
Who succeeded Charles V as Holy Roman Emperor?,Philip II
Who was the Portuguese prince known for his voyages of exploration?,Pedro Alvares Cabral
Who was the first ruler of the Holy Roman Empire?,Pepin the Short
Which English king was known as 'Lionheart'?,Richard II
Who was the first Emperor of Japan?,Toyotomi Hideyoshi
Who was the Russian ruler known for westernizing Russia?,Nicholas I
Which French king built the Palace of Versailles?,Henry IV
Who was the first female ruler of Russia?,Sophia Romanov
Who led the British troops at the Battle of Waterloo?,Charles Cornwallis
Who was the king of England at the time of the Norman Conquest?,Richard III
Who was the last pharaoh of ancient Egypt?,Hatshepsut
Who was the Persian king who invaded Greece at the Battle of Marathon?,Xerxes II
Which Ottoman sultan captured Constantinople in 1453?,Bayezid I
Who succeeded King Louis XIV as king of France?,Louis XVI
Who was the ruler of England when the Spanish Armada was defeated?,James VI
Who was the king of Sparta during the Peloponnesian War?,Agamemnon
Which Pharaoh was buried in the Valley of the Kings?,Khufu
Who was the Byzantine emperor during the construction of Hagia Sophia?,Constantine the Great
Who was known as the 'Sun King'?,Francis I
Which Spanish explorer is credited with discovering the New World?,Vasco da Gama
Who was the king of England during the signing of the Treaty of Versailles?,George III
Who was the ruler of France during the Napoleonic Wars?,Louis XVIII
Who was the queen of England during the time of Shakespeare?,Anne Boleyn
Who was the king of Scotland before the union with England?,James III
Which Persian ruler built the Royal Road?,Artaxerxes
Who was the ruler of the Holy Roman Empire during the Thirty Years' War?,Henry II
Who was the first emperor of the Holy Roman Empire?,Lothair I
Which British queen was known as 'Bloody Mary'?,Anne
Who was the longest-reigning sultan of the Ottoman Empire?,Selim the Grim
Who was the ruler of India known for promoting the arts during the Mughal era?,Aurangzeb
Who led the English troops in the Battle of Agincourt?,"Edward, the Black Prince"
Who was the Roman emperor who divided the empire into a tetrarchy?,Nero
Who was the king of France during the Age of Enlightenment?,Francis II
Which Portuguese explorer rounded the Cape of Good Hope?,Christopher Columbus
Who was the first Emperor of the Roman Empire?,Constantine II
Who succeeded Julius Caesar as leader of Rome?,Tiberius
Who was the first President of the French Republic?,Louis XVI
Which English king fought in the Crusades?,Henry I
Who was the famous queen of Egypt known for building a vast temple complex at Karnak?,Nefertari
Which Japanese shogun initiated the policy of sakoku (closed country)?,Tokugawa Ieyasu
Who was the Greek hero of the Trojan War known for the Trojan Horse?,Paris
Who was the first king to unify Korea?,Sejong the Great
Which Mughal ruler was known for the establishment of the Din-i-Ilahi?,Shah Jahan
Who was the leader of the Chinese nationalist government before 1949?,Mao Zedong
Which African ruler expanded the Mali Empire and was known for his pilgrimage to Mecca?,Sundiata Keita
Who was the leader of the Aztecs when Hernán Cortés arrived?,Manco Inca
Who ruled Japan during the Meiji Restoration?,Yoshinobu Tokugawa
Who was the last king of Poland?,Bolesław I
Who was the ruler of Russia during the annexation of Crimea in the 18th century?,Ivan the Terrible
Who was the leader of Athens during the Golden Age?,Socrates
Who was the English king at the start of the Hundred Years' War?,John Lackland
Which emperor ruled during the height of the Roman Empire's expansion?,Hadrian
Who was the German leader during World War I?,Otto von Bismarck
Which Viking leader discovered Greenland?,Bjorn Ironside
Who was the king of France during the signing of the Edict of Nantes?,Francis I
Who was the founder of the Byzantine Empire?,Justinian II
Who was the Viking explorer who first reached Iceland?,Leif Erikson
Which king of England was known as the 'Hammer of the Scots'?,Richard II
Who was the last Roman emperor to rule before the fall of Rome?,Nerva
Who was known as the 'Mad King' during the War of the Roses?,Henry V
Who ruled over the Akkadian Empire during its greatest extent?,Gilgamesh
Who was the Egyptian god-king worshipped as a deity?,Imhotep
Who was the British queen who ruled for only nine days?,Elizabeth of York
Which famous conqueror sacked the city of Troy?,Achilles
Who was the king of Portugal who started the Age of Discovery?,Pedro II
Who was the king of Spain during the expulsion of the Moors?,Philip III
Who was the Indian king known for converting to Buddhism?,Babur
Which ruler built the famous Hanging Gardens of Babylon?,Cyrus the Great
Who was the French monarch during the building of Notre-Dame Cathedral?,Louis XV
Who was known as the 'Father of the French Revolution'?,Napoleon Bonaparte
Who was the first woman to be crowned Pharaoh of Egypt?,Queen Tiye
Which English queen married a prince from Spain?,Anne Boleyn
Who was the king of Norway during the Viking raids on England?,Eric the Red
Who was the Ottoman leader during the peak of its territorial expansion?,Osman II
Who was the Russian tsar who was known for his reforms and modernization?,Ivan III
Who was the Spanish queen who commissioned Magellan’s voyage?,Queen Isabella II
Who was the Roman consul defeated by Hannibal at the Battle of Cannae?,Marcus Brutus
Who was the king of Sicily who led the Norman conquest?,Robert Guiscard
Who was the first emperor of unified China?,Wu Zetian
Who was the queen of France during the Hundred Years' War?,Catherine de' Medici
Which Mughal ruler was known for his vast libraries and literary patronage?,Shah Jahan
Who was the English king who led the Third Crusade?,Henry II
Who was the ruler of the Aztec Empire when it fell?,Moctezuma I
Who was the Byzantine empress known for defending her throne against revolts?,Helena
Who was the king of Italy during the Renaissance?,Victor Emmanuel I
Who was the leader of the Mongol Golden Horde?,Kublai Khan
Who succeeded Emperor Meiji in Japan?,Emperor Hirohito
Who was the first ruler of the Austro-Hungarian Empire?,Joseph II
Who was the ruler of the Netherlands during the Spanish occupation?,William II
Who was the Portuguese king during the Age of Exploration?,Manuel II
Which English monarch faced the Gunpowder Plot?,Henry VIII
Who was the pope during the First Crusade?,Pope Gregory XIII
Which Viking leader is credited with founding Dublin?,Olaf Tryggvason
Who was the first emperor of the Romanov dynasty in Russia?,Peter I
Who was the Byzantine emperor during the Fourth Crusade?,Constantine XI
Who was the king of Spain during the Treaty of Tordesillas?,Charles II
Who was the Scottish hero that fought at the Battle of Bannockburn?,William Wallace's brother
Who was the king of France during the building of the Louvre?,Francis I
Which Roman emperor initiated the Great Persecution of Christians?,Trajan
Who was the French king during the Battle of Agincourt?,Philip IV
Who was the Ottoman Sultan known for creating a great navy?,Bayezid II
Who was the first Russian tsar?,Ivan II
Who was the Persian king known for the burning of Athens?,Artaxerxes I
Which Greek general defeated Darius III at Gaugamela?,Ptolemy
Who was the last Pharaoh of Egypt before it became a Roman province?,Nefertari
Who was the Roman emperor who converted to Christianity on his deathbed?,Julius Caesar
Who was the Roman general who led the conquest of Gaul?,Trajan
Which Russian Tsar was overthrown in the February Revolution?,Catherine the Great
Who was the king of England at the start of the War of the Roses?,Richard I
Which Pharaoh was known for building the temples at Abu Simbel?,Djoser
Who was the leader of the Zulu Kingdom during its war with the British Empire?,Cetshwayo's son
Who led the famous March to the Sea during the American Civil War?,Jefferson Davis
Who was the English king who signed the Treaty of Windsor with Portugal?,Richard III
Who was the Spanish ruler during the Spanish-American War?,Philip IV
Who was the ruler of the Ottoman Empire during its greatest expansion?,Murad II
Which Japanese emperor was responsible for the Kamakura Shogunate?,Emperor Go-Toba
Who was the founder of the Persian Achaemenid Empire?,Artaxerxes III
Who was the first emperor to rule all of China?,Emperor Wu
Who was the Roman general who famously crossed the Rubicon?,Tiberius
Which English king was excommunicated by the Pope in the 13th century?,Henry III
Who was the Byzantine emperor known for codifying Roman law?,Leo III
Who was the King of Scotland that led a revolt against English rule?,Robert II
Who was the Holy Roman Emperor at the time of the First Crusade?,Frederick Barbarossa
Which Ottoman Sultan ruled during the capture of Belgrade?,Orhan
Who was the Roman senator and general who defeated Spartacus?,Marcus Agrippa
Which British king abdicated the throne in 1936?,George V
Who was the Pharaoh during the construction of the Temple of Karnak?,Akhenaten
Which Mughal emperor was responsible for moving the capital to Delhi?,Aurangzeb
Who was the last king of the Mayan Empire?,Pacal the Elder
Who was the English queen known as 'The Nine Days' Queen'?,Mary of Modena
Who was the Byzantine Emperor who fought the Battle of Manzikert?,Constantine VIII
Who was the first Norman King of England?,Edward the Confessor
Who was the Russian Tsarina known for expanding the Russian Empire into Siberia?,Anna Ivanovna
Which French king was involved in the Hundred Years' War?,Louis XIV
Who was the leader of France during the Treaty of Verdun?,Louis IX
Who was the first ruler of the Byzantine Empire?,Zeno
Who was the first king of the Kingdom of Italy?,Victor Emmanuel II's father
Who led the Norman conquest of Sicily?,Harald Hardrada
Which Egyptian Pharaoh ruled after Cleopatra?,Ramses IV
Who was the Roman emperor who adopted Hadrian?,Marcus Aurelius
Who was the Portuguese explorer who reached India first?,Pedro Álvares Cabral
Which king led England into the Hundred Years' War?,Edward IV
Who was the British monarch during the Industrial Revolution?,Henry VII
Who was the king of Sweden during the Battle of Poltava?,Gustav II Adolph
Which Mughal emperor was defeated by Babur?,Humayun
Who was the French queen known for her role in the French Revolution?,Catherine de' Medici
Who was the ruler of Scotland during its union with England?,Malcolm III
Who was the first Japanese emperor?,Emperor Kammu
Who was the Roman general famous for defeating Mithridates?,Caligula
Who was the king of Norway known for unifying the country?,Eric Bloodaxe
What is the capital of France?,Paris
What is the largest continent by area?,Asia
What country has the longest coastline in the world?,Canada
What is the highest mountain in the world?,Mount Everest
What river is the longest in the world?,Nile River
What is the smallest country in the world by area?,Vatican City
What desert is the largest in the world?,Sahara Desert
What is the capital of Australia?,Canberra
What country has the most natural lakes?,Canada
What is the largest island in the world?,Greenland
What ocean is the largest by surface area?,Pacific Ocean
What is the capital of Japan?,Tokyo
What is the longest river in South America?,Amazon River
What is the smallest continent by area?,Australia
What is the capital of Egypt?,Cairo
What mountain range separates Europe from Asia?,Ural Mountains
What is the most populous country in the world?,China
What sea is the saltiest in the world?,The Dead Sea
What is the capital of Brazil?,Brasília
What European country has the most UNESCO World Heritage Sites?,Italy
What is the longest river in Europe?,Volga River
What is the largest desert in the world outside of the polar regions?,Sahara Desert
What country is known as the Land of the Rising Sun?,Japan
What is the capital of Canada?,Ottawa
"What is the name of the sea bordered by Europe, Asia, and Africa?",Mediterranean Sea
What is the capital of South Korea?,Seoul
What country has the largest population in Africa?,Nigeria
What is the name of the highest waterfall in the world?,Angel Falls
What is the capital city of Argentina?,Buenos Aires
What is the capital of Russia?,Moscow
What is the driest place on Earth?,Atacama Desert
What U.S. state has the most active volcanoes?,Alaska
What is the name of the largest lake in Africa?,Lake Victoria
What is the capital of Thailand?,Bangkok
What is the capital of Turkey?,Ankara
What is the highest mountain in Africa?,Mount Kilimanjaro
What country is the Great Barrier Reef located in?,Australia
What is the official language of Brazil?,Portuguese
What is the capital of New Zealand?,Wellington
What river flows through the Grand Canyon?,Colorado River
What is the capital of Mexico?,Mexico City
What is the largest city in the world by population?,Tokyo
What continent is the country of Morocco located in?,Africa
What is the capital of Norway?,Oslo
What mountain range is located between France and Spain?,Pyrenees
What is the capital of Chile?,Santiago
What body of water separates Saudi Arabia from Africa?,Red Sea
What is the capital of Kenya?,Nairobi
What is the capital of Iceland?,Reykjavik
What U.S. state is the Grand Canyon located in?,Arizona
What is the capital of Finland?,Helsinki
What is the smallest U.S. state by area?,Rhode Island
What continent is the Amazon Rainforest located in?,South America
What is the capital of Vietnam?,Hanoi
What mountain range is the longest in the world?,Andes
What is the largest country in South America by area?,Brazil
What U.S. state is home to Mount Rushmore?,South Dakota
What is the capital of Indonesia?,Jakarta
What is the largest desert in Asia?,Gobi Desert
What country is home to the ancient city of Petra?,Jordan
What is the capital of Portugal?,Lisbon
What river flows through Paris?,Seine River
What is the capital of Ghana?,Accra
What country is known for having a shape resembling a boot?,Italy
What is the capital of Switzerland?,Bern
What ocean borders the east coast of the United States?,Atlantic Ocean
What is the highest peak in the Alps?,Mont Blanc
What is the official language of Egypt?,Arabic
What is the capital of the Philippines?,Manila
What is the largest U.S. state by area?,Alaska
What is the capital of Colombia?,Bogotá
What sea separates Europe and Africa?,Mediterranean Sea
What country has the most volcanoes in the world?,Indonesia
What is the name of the tallest building in the world?,Burj Khalifa
What U.S. state is known as the 'Sunshine State'?,Florida
What is the capital of Nigeria?,Abuja
What is the name of the river that runs through Egypt?,Nile River
What is the smallest country in South America by area?,Suriname
What is the capital of Belgium?,Brussels
What country is home to the city of Dubrovnik?,Croatia
What is the capital of Pakistan?,Islamabad
What country is known for the Great Wall?,China
What is the capital of Sweden?,Stockholm
What is the highest peak in North America?,Denali
What is the official language of Thailand?,Thai
What is the capital of Ukraine?,Kyiv
What mountain range runs through Morocco?,Atlas Mountains
What is the longest river in Asia?,Yangtze River
What is the capital of Poland?,Warsaw
What is the largest island in the Mediterranean Sea?,Sicily
What is the capital of Peru?,Lima
What country shares the longest land border with the United States?,Canada
What is the largest lake in South America?,Lake Titicaca
What is the capital of New Zealand?,Wellington
What is the southernmost continent called?,Antarctica
What river runs through the city of Rome?,Tiber River
What is the capital of Malaysia?,Kuala Lumpur
What country is home to the Great Barrier Reef?,Australia
What is the capital of Austria?,Vienna
What U.S. state is known for the Grand Canyon?,Arizona
What is the name of the tallest mountain in Japan?,Mount Fuji
What is the capital of Denmark?,Copenhagen
What is the largest city in Africa by population?,Lagos
What country is known as the Land of a Thousand Lakes?,Finland
What is the capital of Bangladesh?,Dhaka
What river is the longest in China?,Yangtze River
What U.S. state is known as the 'Lone Star State'?,Texas
What is the capital of Hungary?,Budapest
What mountain range spans the western coast of South America?,Andes
What is the capital of Nepal?,Kathmandu
What is the deepest ocean in the world?,Pacific Ocean
What is the capital of Saudi Arabia?,Riyadh
What European country is known for its fjords?,Norway
What is the capital of Iraq?,Baghdad
What sea is located between Saudi Arabia and Iran?,Persian Gulf
What is the capital of Ecuador?,Quito
What is the largest country in Europe by area?,Russia
What is the capital of Morocco?,Rabat
What U.S. state is known for Yellowstone National Park?,Wyoming
What is the name of the river that runs through London?,Thames River
What is the capital of the Czech Republic?,Prague
What is the name of the peninsula shared by Spain and Portugal?,Iberian Peninsula
What country is the largest producer of coffee in the world?,Brazil
What is the capital of Venezuela?,Caracas
What mountain range is located in Italy?,Apennine Mountains
What is the capital of Sri Lanka?,Sri Jayawardenepura Kotte
What is the smallest country in the world by population?,Vatican City
What U.S. state is known for the Everglades?,Florida
What is the capital of Iran?,Tehran
What river forms part of the border between the U.S. and Mexico?,Rio Grande
What is the largest island in the Caribbean?,Cuba
What country is home to Machu Picchu?,Peru
What is the capital of Bulgaria?,Sofia
What is the capital of Singapore?,Singapore
What country is known for the city of Casablanca?,Morocco
What river is the main waterway in Egypt?,Nile River
What is the capital of Serbia?,Belgrade
What country is famous for its windmills and tulips?,Netherlands
What is the highest peak in South America?,Aconcagua
What is the capital of Zimbabwe?,Harare
What is the largest bay in the world?,Bay of Bengal
What is the capital of Algeria?,Algiers
What is the capital of Croatia?,Zagreb
What body of water separates the UK and France?,English Channel
What is the capital of Mongolia?,Ulaanbaatar
What is the capital of Norway?,Oslo
What country is home to the city of Salzburg?,Austria
What is the capital of Paraguay?,Asunción
What river is the longest in the United States?,Missouri River
What is the capital of Senegal?,Dakar
What country is home to the Dolomites?,Italy
What is the capital of Chile?,Santiago
What is the capital of Ethiopia?,Addis Ababa
What is the name of the river that flows through Baghdad?,Tigris River
What is the largest country in the world by area?,Russia
What is the capital of Tunisia?,Tunis
What is the smallest ocean in the world?,Arctic Ocean
What is the capital of Slovenia?,Ljubljana
What country is known as the Land of Fire and Ice?,Iceland
What is the capital of Cyprus?,Nicosia
What is the longest river in the United Kingdom?,River Severn
What is the capital of Luxembourg?,Luxembourg City
What U.S. state is known as the 'Aloha State'?,Hawaii
What is the capital of Myanmar?,Naypyidaw
What is the highest peak in Europe?,Mount Elbrus
What is the capital of Malta?,Valletta
What is the second largest country in the world by land area?,Canada
What river runs through the city of Vienna?,Danube River
What is the capital of Bhutan?,Thimphu
What U.S. state has the nickname 'The Empire State'?,New York
What is the capital of Lithuania?,Vilnius
What is the capital of Iceland?,Reykjavik
What desert is located in southern Africa?,Kalahari Desert
What is the capital of Costa Rica?,San José
What is the largest island in the world by area?,Greenland
What is the capital of Estonia?,Tallinn
What is the name of the strait that separates Europe from Asia?,Bosporus Strait
What country is home to the city of Kyoto?,Japan
What is the capital of Oman?,Muscat
What river forms the eastern border of Germany with Poland?,Oder River
What is the capital of Uruguay?,Montevideo
What is the name of the sea between Australia and New Zealand?,Tasman Sea
What is the capital of Slovakia?,Bratislava
What is the capital of Bosnia and Herzegovina?,Sarajevo
What is the name of the peninsula that contains Spain and Portugal?,Iberian Peninsula
What is the capital of Honduras?,Tegucigalpa
What U.S. state is known as 'The Last Frontier'?,Alaska
What is the capital of Guatemala?,Guatemala City
What country is home to the city of Timbuktu?,Mali
What is the capital of Georgia (the country)?,Tbilisi
What mountain range runs through Romania?,Carpathian Mountains
What is the capital of El Salvador?,San Salvador
What is the capital of Latvia?,Riga
What U.S. state is known for having the most national parks?,California
What is the name of the waterfall that borders Canada and the U.S.?,Niagara Falls
What is the capital of Azerbaijan?,Baku
What is the largest city in South Korea?,Seoul
What is the name of the longest mountain range in North America?,Rocky Mountains
What is the capital of Yemen?,Sana'a
What U.S. state is known as the 'Peach State'?,Georgia
What is the capital of Cyprus?,Nicosia
What country is home to the city of Fez?,Morocco
What is the capital of Kyrgyzstan?,Bishkek
What is the largest desert in Australia?,Great Victoria Desert
What is the capital of Fiji?,Suva
What is the longest river in Canada?,Mackenzie River
What is the capital of Lebanon?,Beirut
What mountain range forms part of the border between Spain and France?,Pyrenees
What is the capital of Papua New Guinea?,Port Moresby
What U.S. state is home to Mount Whitney?,California
What is the capital of Armenia?,Yerevan
What river runs through the city of Budapest?,Danube River
What is the capital of Nicaragua?,Managua
What is the capital of Madagascar?,Antananarivo
What is the name of the region in Africa known for its extensive wildlife and savannas?,Serengeti
What is the capital of the Maldives?,Malé
What is the largest sea in the world by area?,Philippine Sea
What is the capital of Tajikistan?,Dushanbe
What is the official language of Kenya?,Swahili and English
What is the capital of Mozambique?,Maputo
What U.S. state is known as the 'Volunteer State'?,Tennessee
What is the name of the island country off the southeastern coast of Africa?,Madagascar
What is the capital of Qatar?,Doha
What country is home to the city of Lahore?,Pakistan
What is the highest mountain in the Southern Hemisphere?,Aconcagua
What is the capital of Estonia?,Tallinn
What river forms part of the border between Thailand and Laos?,Mekong River
What is the capital of the Bahamas?,Nassau
What country is home to the city of Aleppo?,Syria
What is the capital of Burkina Faso?,Ouagadougou
What is the capital of Trinidad and Tobago?,Port of Spain
What is the main river that flows through Baghdad?,Tigris River
What is the capital of Liberia?,Monrovia
What is the capital of Montenegro?,Podgorica
What is the largest lake in North America?,Lake Superior
What is the capital of Namibia?,Windhoek
What river runs through the city of Cairo?,Nile River
What is the capital of Jordan?,Amman
What is the capital of Uzbekistan?,Tashkent
What U.S. state is home to Denali (formerly known as Mount McKinley)?,Alaska
What is the name of the world's largest coral reef system?,Great Barrier Reef
What is the capital of Chad?,N'Djamena
What country is home to Mount Kilimanjaro?,Tanzania
What is the capital of Ghana?,Accra
What is the largest city in Brazil by population?,São Paulo
What is the capital of Haiti?,Port-au-Prince
What U.S. state is known as the 'Show-Me State'?,Missouri
What is the capital of Moldova?,Chișinău
What is the capital of Cambodia?,Phnom Penh
What is the name of the peninsula shared by Norway and Sweden?,Scandinavian Peninsula
What is the capital of Sierra Leone?,Freetown
What is the name of the strait that separates Alaska from Russia?,Bering Strait
What is the capital of Somalia?,Mogadishu
What is the capital of Zambia?,Lusaka
What is the name of the strait that connects the Mediterranean Sea to the Atlantic Ocean?,Strait of Gibraltar
What is the capital of Georgia (the state)?,Atlanta
What is the capital of Malawi?,Lilongwe
What is the second largest ocean in the world?,Atlantic Ocean
What is the capital of Eritrea?,Asmara
What is the name of the highest mountain in Europe?,Mount Elbrus
What is the capital of Kuwait?,Kuwait City
What U.S. state is known as the 'Bluegrass State'?,Kentucky
What is the capital of Laos?,Vientiane
What is the name of the river that flows through Paris?,Seine River
What country is known as the Land of the Rising Sun?,Japan
What is the capital of Malta?,Valletta
What is the capital of Liechtenstein?,Vaduz
What is the capital of North Macedonia?,Skopje
What is the capital of Gabon?,Libreville
What is the capital of Kazakhstan?,Astana (Nur-Sultan)
What U.S. state is known as the 'Beehive State'?,Utah
What is the capital of Djibouti?,Djibouti
What is the capital of Mauritius?,Port Louis
What country is home to the ancient ruins of Angkor Wat?,Cambodia
What is the largest country in the Middle East by area?,Saudi Arabia
What is the name of the bay that borders Bangladesh?,Bay of Bengal
What is the capital of Suriname?,Paramaribo
What is the capital of Seychelles?,Victoria
What is the highest point in Africa?,Mount Kilimanjaro
What is the capital of Guyana?,Georgetown
What is the capital of Rwanda?,Kigali
What U.S. state is known as the 'Gem State'?,Idaho
What is the capital of Turkmenistan?,Ashgabat
What is the capital of the Democratic Republic of the Congo?,Kinshasa
What is the capital of Tonga?,Nukuʻalofa
What river flows through the city of Warsaw?,Vistula River
What is the capital of Antigua and Barbuda?,St. John's
What U.S. state is home to the city of Juneau?,Alaska
What is the capital of Belize?,Belmopan
What is the name of the world's second longest river?,Amazon River
What is the capital of Moldova?,Chișinău
What is the name of the sea that separates Italy from the Balkans?,Adriatic Sea
What is the capital of Lesotho?,Maseru
What country is home to the Gobi Desert?,Mongolia
What is the capital of Samoa?,Apia
What is the capital of the Solomon Islands?,Honiara
What is the smallest country in Asia by area?,Maldives
What is the capital of Eswatini (Swaziland)?,Mbabane
What river runs through the city of Madrid?,Manzanares River
What is the capital of Bolivia?,La Paz (administrative) and Sucre (constitutional)
Who directed the movie 'Inception'?,Christopher Nolan
What is the highest-grossing film of all time (as of 2023)?,Avatar
Who played Jack Dawson in 'Titanic'?,Leonardo DiCaprio
What year was the first 'Star Wars' movie released?,1977
What film won the Best Picture Oscar in 2020?,Parasite
Who voices Woody in 'Toy Story'?,Tom Hanks
"What movie features the line 'Here's looking at you, kid'?",Casablanca
What was the first feature-length animated movie?,Snow White and the Seven Dwarfs
Who played the Joker in 'The Dark Knight'?,Heath Ledger
Which film franchise features a character named John Wick?,John Wick
Who directed 'Pulp Fiction'?,Quentin Tarantino
What movie features the line 'I am your father'?,Star Wars: The Empire Strikes Back
Who played Forrest Gump?,Tom Hanks
Which movie is known for the quote 'I'll be back'?,The Terminator
What is the name of the kingdom in 'Frozen'?,Arendelle
Which actor has played James Bond the most times?,Roger Moore
Who played Hermione Granger in the 'Harry Potter' series?,Emma Watson
What was the first movie in the Marvel Cinematic Universe?,Iron Man
Who directed 'Schindler's List'?,Steven Spielberg
Which movie features the line 'You talking to me?'?,Taxi Driver
Who played the role of Black Panther?,Chadwick Boseman
What movie won the Best Picture Oscar in 1994?,Forrest Gump
Who starred as the main character in 'The Matrix'?,Keanu Reeves
What is the name of the AI in '2001: A Space Odyssey'?,HAL 9000
What movie is known for the song 'My Heart Will Go On'?,Titanic
What was the first James Bond film?,Dr. No
Who played Captain Jack Sparrow?,Johnny Depp
Who directed 'The Godfather'?,Francis Ford Coppola
What year was 'The Shawshank Redemption' released?,1994
What movie features a talking robot named WALL-E?,WALL-E
Who played Tony Stark/Iron Man?,Robert Downey Jr.
Which movie features a famous scene with a DeLorean time machine?,Back to the Future
Who won the Oscar for Best Actress in 2021?,Frances McDormand
What is the name of the hobbit played by Elijah Wood in 'The Lord of the Rings'?,Frodo Baggins
Who directed the movie 'Psycho'?,Alfred Hitchcock
What movie featured the song 'Hakuna Matata'?,The Lion King
Which movie did Leonardo DiCaprio win his first Oscar for Best Actor?,The Revenant
What movie is about a group of teenagers in detention on a Saturday?,The Breakfast Club
Who played the main character in 'Gladiator'?,Russell Crowe
What movie features the quote 'Say hello to my little friend'?,Scarface
Who directed 'Jurassic Park'?,Steven Spielberg
What movie won the Best Picture Oscar in 2022?,CODA
What is the name of the main character in 'Kill Bill'?,The Bride
Which actor plays John McClane in 'Die Hard'?,Bruce Willis
What movie features a character named Jack Torrance?,The Shining
What movie is based on the life of Facebook's founder?,The Social Network
Who directed 'The Grand Budapest Hotel'?,Wes Anderson
What movie is about a boxer named Rocky Balboa?,Rocky
What movie features a character named Neo?,The Matrix
Who played the titular role in 'Edward Scissorhands'?,Johnny Depp
Who played the character of Harry Potter?,Daniel Radcliffe
Which movie features the quote 'Why so serious?'?,The Dark Knight
Who directed 'The Lord of the Rings' trilogy?,Peter Jackson
What movie features the song 'Shallow'?,A Star is Born
Who starred as James Bond in 'Skyfall'?,Daniel Craig
What is the highest-grossing animated film of all time (as of 2023)?,Frozen II
Which actor played the Terminator in the 'Terminator' series?,Arnold Schwarzenegger
What year did 'The Lion King' (original) release?,1994
Who directed 'Avatar'?,James Cameron
What movie is famous for the line 'May the Force be with you'?,Star Wars
What is the name of the hobbit played by Martin Freeman in 'The Hobbit'?,Bilbo Baggins
Who starred in the lead role of 'The Truman Show'?,Jim Carrey
What film featured Tom Hanks as a captain trying to save his ship from pirates?,Captain Phillips
Who directed 'Goodfellas'?,Martin Scorsese
Which film is known for the line 'You can't handle the truth!'?,A Few Good Men
Who voiced the character of Genie in the original 'Aladdin'?,Robin Williams
What movie features a character called Jack Skellington?,The Nightmare Before Christmas
Who played Wolverine in the 'X-Men' series?,Hugh Jackman
What movie is about a cyborg assassin sent from the future?,The Terminator
Who directed 'Jaws'?,Steven Spielberg
"What is the name of the movie where a group of friends reunites at their high school reunion, featuring John Cusack?",Grosse Pointe Blank
What is the main character's name in 'Toy Story' who is voiced by Tim Allen?,Buzz Lightyear
What movie won the Best Picture Oscar in 2017 after a mix-up during the announcement?,Moonlight
What movie is about a man who ages backward?,The Curious Case of Benjamin Button
Who directed 'Django Unchained'?,Quentin Tarantino
Who played the role of Maximus in 'Gladiator'?,Russell Crowe
What movie featured the famous line 'To infinity and beyond'?,Toy Story
Who played the character of Tony Montana in 'Scarface'?,Al Pacino
Which movie is known for the dance scene with John Travolta and Uma Thurman?,Pulp Fiction
Who played the role of Lara Croft in the 2001 film 'Lara Croft: Tomb Raider'?,Angelina Jolie
What is the name of the hotel in 'The Shining'?,The Overlook Hotel
What film features a character named Vito Corleone?,The Godfather
What movie is set in a future where the government controls birthrates and the main character is named Theo Faron?,Children of Men
What film won Best Picture at the Oscars in 2021?,Nomadland
Who directed 'Titanic'?,James Cameron
What is the name of the princess in 'The Princess Bride'?,Princess Buttercup
Who played the main character in 'Cast Away'?,Tom Hanks
Which movie features the song 'Eye of the Tiger'?,Rocky III
What movie features the quote 'I'll have what she's having'?,When Harry Met Sally
Who directed 'Inglourious Basterds'?,Quentin Tarantino
Who played the lead in 'The Silence of the Lambs'?,Jodie Foster
What is the name of the fictional African country in 'Black Panther'?,Wakanda
Which movie is about a man who relives the same day over and over again?,Groundhog Day
What film features a killer shark and was a blockbuster hit in 1975?,Jaws
Who played the role of Indiana Jones?,Harrison Ford
Which actor voiced the character of Donkey in 'Shrek'?,Eddie Murphy
What film is about a young lion prince who flees his kingdom after his father is killed?,The Lion King
What movie features a man who must live inside an airport terminal?,The Terminal
Who directed 'The Grand Budapest Hotel'?,Wes Anderson
Who starred as the lead in 'Mad Max: Fury Road'?,Tom Hardy
Who directed 'The Shape of Water'?,Guillermo del Toro
Who played the titular role in 'Mrs. Doubtfire'?,Robin Williams
What is the highest-grossing R-rated movie of all time (as of 2023)?,Joker
Who played the role of Katniss Everdeen in 'The Hunger Games'?,Jennifer Lawrence
What movie features the line 'E.T. phone home'?,E.T. the Extra-Terrestrial
Which film features a character named Hannibal Lecter?,The Silence of the Lambs
Who starred in the lead role of 'Braveheart'?,Mel Gibson
What movie won the Best Picture Oscar in 1999?,Shakespeare in Love
Who played Jack in 'The Shining'?,Jack Nicholson
What film features the character Gollum?,The Lord of the Rings
Who directed 'The Social Network'?,David Fincher
Which movie features the quote 'You had me at hello'?,Jerry Maguire
What movie stars Jim Carrey as a man whose life is secretly a TV show?,The Truman Show
Who played the role of Wonder Woman in the 2017 movie?,Gal Gadot
What movie features the character John McClane?,Die Hard
Who directed 'The Wolf of Wall Street'?,Martin Scorsese
What movie is about a British soldier held in a German POW camp during WWII?,The Great Escape
What movie features a killer clown named Pennywise?,It
What is the name of the spaceship in 'Alien'?,Nostromo
Who directed 'The Revenant'?,Alejandro G. Iñárritu
What movie is based on a true story about the rise of Facebook?,The Social Network
Who played Rick Deckard in 'Blade Runner'?,Harrison Ford
What movie features the line 'Nobody puts Baby in a corner'?,Dirty Dancing
What is the name of the movie where robots from space battle on Earth?,Transformers
Who played the role of Lara Jean in 'To All the Boys I've Loved Before'?,Lana Condor
What movie won Best Animated Feature at the 2021 Oscars?,Soul
Who played the role of Tony Stark/Iron Man in the Marvel Cinematic Universe?,Robert Downey Jr.
Who directed 'Dune' (2021)?,Denis Villeneuve
What movie features a man trying to survive on Mars?,The Martian
Who played the main character in 'A Beautiful Mind'?,Russell Crowe
What is the name of the hotel in 'John Wick'?,The Continental
Who starred as the lead in 'Bird Box'?,Sandra Bullock
What is the name of the main character in 'The Matrix' played by Keanu Reeves?,Neo
Which actor played Freddie Mercury in 'Bohemian Rhapsody'?,Rami Malek
Who directed the movie '1917'?,Sam Mendes
What movie features the song 'Let It Go'?,Frozen
Who played the character of Tony Montana in 'Scarface'?,Al Pacino
Which movie franchise is centered around racing cars and heists?,Fast & Furious
What movie features the character Jack Sparrow?,Pirates of the Caribbean
Who directed 'The Irishman'?,Martin Scorsese
What movie won the Best Picture Oscar in 1998?,Titanic
Who voiced the character of Simba in the 2019 version of 'The Lion King'?,Donald Glover
What movie features the song 'Over the Rainbow'?,The Wizard of Oz
Who played the character of Black Widow in the MCU?,Scarlett Johansson
What is the name of the computer in 'The Matrix' that rules over humanity?,The Architect
What movie is about a dystopian world where books are banned?,Fahrenheit 451
Who played the role of Mia in 'La La Land'?,Emma Stone
What movie features a character named Captain America?,Captain America: The First Avenger
Who played the main role in 'The Pursuit of Happyness'?,Will Smith
Who directed 'The Grand Budapest Hotel'?,Wes Anderson
Who played the character Jack in 'Titanic'?,Leonardo DiCaprio
What movie is famous for the quote 'You're gonna need a bigger boat'?,Jaws
Who directed 'Inglourious Basterds'?,Quentin Tarantino
What is the name of the lead character in 'The Matrix'?,Neo
Who starred as The Bride in 'Kill Bill'?,Uma Thurman
What year was 'Jurassic Park' released?,1993
Who directed 'Blade Runner 2049'?,Denis Villeneuve
What movie won the Best Picture Oscar in 1995?,Forrest Gump
Who played the role of Clarice Starling in 'The Silence of the Lambs'?,Jodie Foster
What movie features a character named Andy Dufresne?,The Shawshank Redemption
Who played Mary Poppins in the original 1964 movie?,Julie Andrews
What movie is about an astronaut stranded on Mars?,The Martian
Who voiced the character of Woody in 'Toy Story'?,Tom Hanks
What movie features the character John Rambo?,First Blood
Who directed 'Schindler's List'?,Steven Spielberg
Who played the main character in 'Forrest Gump'?,Tom Hanks
What is the name of the main antagonist in 'The Dark Knight'?,The Joker
What movie features the song 'Hakuna Matata'?,The Lion King
What year did 'The Godfather' premiere?,1972
Who played James Bond in 'GoldenEye'?,Pierce Brosnan
Who starred as the main character in 'Cast Away'?,Tom Hanks
What movie features a character named Vito Corleone?,The Godfather
Who directed 'Saving Private Ryan'?,Steven Spielberg
What movie features the line 'I'll be back'?,The Terminator
Who played the main character in 'The Truman Show'?,Jim Carrey
What movie is about a man who ages backward?,The Curious Case of Benjamin Button
Who played the role of Indiana Jones?,Harrison Ford
"What movie features the line 'Here's looking at you, kid'?",Casablanca
Who directed 'Pulp Fiction'?,Quentin Tarantino
What is the name of the character who said 'I see dead people'?,Cole Sear
Who played Batman in 'The Dark Knight'?,Christian Bale
What movie won Best Picture at the Oscars in 2020?,Parasite
Who voiced the character of Elsa in 'Frozen'?,Idina Menzel
Who played Captain Jack Sparrow in 'Pirates of the Caribbean'?,Johnny Depp
What movie features the line 'You can't handle the truth!'?,A Few Good Men
What is the name of the robot in 'WALL-E'?,WALL-E
Who directed the movie 'Dunkirk'?,Christopher Nolan
What movie is based on a true story about King George VI's stammer?,The King's Speech
What year was the first 'Star Wars' movie released?,1977
What movie features the character Tony Stark?,Iron Man
Who directed 'The Departed'?,Martin Scorsese
What movie is about a group of friends who reunite at their high school reunion?,Grosse Pointe Blank
Who played Wolverine in the 'X-Men' series?,Hugh Jackman
Who played the main character in 'Joker' (2019)?,Joaquin Phoenix
What movie features the song 'My Heart Will Go On'?,Titanic
Who played the role of Ellen Ripley in 'Alien'?,Sigourney Weaver
Who starred as the main character in 'The Revenant'?,Leonardo DiCaprio
Who directed 'Avatar'?,James Cameron
What movie is about a young wizard who attends Hogwarts?,Harry Potter and the Sorcerer's Stone
Who directed 'The Hurt Locker'?,Kathryn Bigelow
What movie features the quote 'I'll make him an offer he can't refuse'?,The Godfather
Who starred as the main character in 'Rocky'?,Sylvester Stallone
What movie features the song 'Everything Is Awesome'?,The Lego Movie
Who played the role of Edward Cullen in 'Twilight'?,Robert Pattinson
Who directed 'The Irishman'?,Martin Scorsese
What movie features a group of women called 'The Pink Ladies'?,Grease
What is the name of the school in 'Mean Girls'?,North Shore High School
Who played the role of John Wick?,Keanu Reeves
Who directed 'Interstellar'?,Christopher Nolan
What movie is about a clown who terrorizes children in Derry?,It
Who played the character of Bridget Jones?,Renée Zellweger
What movie is known for the line 'As if!'?,Clueless
What movie features the character Travis Bickle?,Taxi Driver
Who played the role of Jack Sparrow?,Johnny Depp
What is the name of the space ship in 'Guardians of the Galaxy'?,The Milano
Who played the character of Ripley in 'Alien'?,Sigourney Weaver
What movie is set in a dystopian future where emotions are suppressed?,Equilibrium
Who directed 'The Revenant'?,Alejandro G. Iñárritu
What movie features a character named Maverick?,Top Gun
Who voiced the character of Simba in the original 'The Lion King'?,Matthew Broderick
What movie won the Best Picture Oscar in 2022?,CODA
Who starred as Captain America in the MCU?,Chris Evans
What movie is about a young girl who moves to a new city and has animated emotions?,Inside Out
What is the name of the princess in 'Sleeping Beauty'?,Aurora
What movie features a hotel called 'The Continental'?,John Wick
What movie features a bear named Paddington?,Paddington
"Who played the role of Tony Stark's assistant, Pepper Potts?",Gwyneth Paltrow
What is the name of the main character in 'The Big Lebowski'?,The Dude
What movie features a dance scene between Pulp Fiction's John Travolta and Uma Thurman?,Pulp Fiction
Who played Joker in 'Joker' (2019)?,Joaquin Phoenix
Who directed 'Parasite'?,Bong Joon-ho
What is the name of the main character in 'The Shawshank Redemption'?,Andy Dufresne
Who played the role of Neo in 'The Matrix'?,Keanu Reeves
Who played the lead role in 'La La Land'?,Ryan Gosling
What movie features the song 'This Is Me'?,The Greatest Showman
Who directed 'The Grand Budapest Hotel'?,Wes Anderson
What movie is based on the life of Stephen Hawking?,The Theory of Everything
Who starred as Lara Croft in the 2018 'Tomb Raider'?,Alicia Vikander
"What movie features the quote 'Houston, we have a problem'?",Apollo 13
Who played Severus Snape in the 'Harry Potter' series?,Alan Rickman
What is the name of the main character in 'Pirates of the Caribbean'?,Jack Sparrow
Who directed 'Once Upon a Time in Hollywood'?,Quentin Tarantino
What movie won Best Picture at the 1994 Oscars?,Schindler's List
Who starred as the main character in 'Black Swan'?,Natalie Portman
What is the main character's name in 'Mad Max: Fury Road'?,Max Rockatansky
What is the name of the hotel in 'The Shining'?,The Overlook Hotel
What movie features the quote 'Why so serious?'?,The Dark Knight
Who played Princess Leia in 'Star Wars'?,Carrie Fisher
What movie is known for the quote 'Life is like a box of chocolates'?,Forrest Gump
Who directed 'Get Out'?,Jordan Peele
Who played the titular role in 'Forrest Gump'?,Tom Hanks
"What movie features the quote 'Elementary, my dear Watson'?",The Adventures of Sherlock Holmes
Who starred as the main character in 'Edward Scissorhands'?,Johnny Depp
Who played Dorothy in 'The Wizard of Oz'?,Judy Garland
Who directed 'E.T. the Extra-Terrestrial'?,Steven Spielberg
What movie features the character Jason Bourne?,The Bourne Identity
What year was 'The Godfather Part II' released?,1974
Who played Marty McFly in 'Back to the Future'?,Michael J. Fox
Who voiced the character of Dory in 'Finding Nemo'?,Ellen DeGeneres
What is the name of the fictional city in 'Batman'?,Gotham City
What movie is about an astronaut who gets lost in space?,Gravity
What movie won the Best Picture Oscar in 2013?,Argo
Who starred as the main character in 'The Mask'?,Jim Carrey
Who played the role of Captain Phillips in the movie 'Captain Phillips'?,Tom Hanks
What movie features the song 'I Will Always Love You'?,The Bodyguard
Who directed 'There Will Be Blood'?,Paul Thomas Anderson
What movie features the character named John Connor?,Terminator 2: Judgment Day
Who played the role of Michael Corleone in 'The Godfather'?,Al Pacino
What movie is about a man trapped on a deserted island?,Cast Away
What movie features a teacher named Mr. Keating?,Dead Poets Society
Who directed 'Pan's Labyrinth'?,Guillermo del Toro
What is the name of the main character in 'Gladiator'?,Maximus
Who starred as the main character in 'Fight Club'?,Edward Norton
What movie is about a young girl who is transported to the Land of Oz?,The Wizard of Oz
What movie won the Best Picture Oscar in 2009?,Slumdog Millionaire
Who played Jack Ryan in 'The Hunt for Red October'?,Alec Baldwin
What movie features the character Neo who learns he is 'The One'?,The Matrix
Who starred as the main character in 'Titanic'?,Leonardo DiCaprio
Who directed 'The Green Mile'?,Frank Darabont
What movie features a toy cowboy named Woody?,Toy Story
Who played the role of Miranda Priestly in 'The Devil Wears Prada'?,Meryl Streep
What movie is about a college student who fights against odds in a fictional school called Princeton?,A Beautiful Mind
What movie won the Best Picture Oscar in 1981?,Chariots of Fire
Who directed 'Pulp Fiction'?,Quentin Tarantino
What movie is about a musical band called The Wonders?,That Thing You Do!
Who played the main character in 'Bruce Almighty'?,Jim Carrey
What movie features a famous dance lift in a lake?,Dirty Dancing
What is the name of the main character in 'Die Hard'?,John McClane
What movie features a group of teens dealing with a monster in Derry?,It
What movie is about a woman who falls in love with a mysterious creature?,The Shape of Water
Who played Hannibal Lecter in 'The Silence of the Lambs'?,Anthony Hopkins
What movie features the quote 'I feel the need... the need for speed'?,Top Gun
Who directed 'The Dark Knight Rises'?,Christopher Nolan
What movie is about two sisters who discover they are witches?,Practical Magic
Who played the main character in 'The Pursuit of Happyness'?,Will Smith
What movie features a song performed by Bradley Cooper and Lady Gaga?,A Star is Born
Who directed '12 Years a Slave'?,Steve McQueen
Who played the main character in 'The Sixth Sense'?,Haley Joel Osment
What movie features a man reliving the same day repeatedly?,Groundhog Day
What movie features a hitman meeting a young girl?,Leon The Professional
What is the chemical symbol for water?,H2O
What planet is known as the Red Planet?,Mars
Who developed the theory of general relativity?,Albert Einstein
What is the largest planet in our solar system?,Jupiter
What element does 'O' represent on the periodic table?,Oxygen
What gas do plants absorb from the atmosphere?,Carbon dioxide
What is the powerhouse of the cell?,Mitochondria
What is the main gas found in the Earth's atmosphere?,Nitrogen
Who is known as the father of modern physics?,Isaac Newton
What type of blood cells help our body fight infection?,White blood cells
What is the chemical symbol for gold?,Au
What is the hardest natural substance on Earth?,Diamond
What part of the human body produces insulin?,Pancreas
What is the speed of light?,"Approximately 299,792,458 m/s"
What is the process by which plants make food using sunlight?,Photosynthesis
What is the most abundant gas in the Earth's atmosphere?,Nitrogen
What planet is closest to the Sun?,Mercury
What organ in the human body is primarily responsible for filtering blood?,Kidney
What does DNA stand for?,Deoxyribonucleic Acid
What is the tallest type of grass?,Bamboo
What metal has the chemical symbol 'Fe'?,Iron
What organ is responsible for pumping blood throughout the body?,Heart
What is the most common type of star in the Milky Way?,Red dwarf
What gas is commonly used in balloons to make them float?,Helium
What is the largest organ in the human body?,Skin
What type of animal is a Komodo dragon?,Lizard
What is the main element found in diamonds?,Carbon
What is the first element on the periodic table?,Hydrogen
What is the scientific name for the process of cell division?,Mitosis
Who is credited with inventing the telephone?,Alexander Graham Bell
What force keeps planets in orbit around the Sun?,Gravity
What planet has a prominent ring system?,Saturn
What is the chemical formula for table salt?,NaCl
What is the main function of red blood cells?,To carry oxygen
What is the hottest planet in our solar system?,Venus
What is the center of an atom called?,Nucleus
What is the largest mammal on Earth?,Blue whale
What type of celestial body is the Sun?,Star
What is the main component of the sun?,Hydrogen
What is the symbol for potassium on the periodic table?,K
What is the pH level of pure water?,7
What is the rarest blood type?,AB negative
What is the most abundant element in the universe?,Hydrogen
What layer of the Earth lies just below the crust?,Mantle
What is the largest bone in the human body?,Femur
Who discovered penicillin?,Alexander Fleming
What is the term for an animal that only eats plants?,Herbivore
What part of the cell contains genetic material?,Nucleus
What natural satellite orbits Earth?,The Moon
What is the basic unit of all living organisms?,Cell
What scientist proposed the three laws of motion?,Isaac Newton
What is the chemical symbol for sodium?,Na
What is the process by which plants release oxygen called?,Photosynthesis
What type of rock is formed from cooled lava or magma?,Igneous rock
What is the main gas found in the Sun?,Hydrogen
What does the acronym 'LASER' stand for?,Light Amplification by Stimulated Emission of Radiation
What is the most abundant gas in the Earth's atmosphere?,Nitrogen
What type of blood type is considered the universal donor?,O negative
What type of star is our Sun?,G-type main-sequence star (Yellow dwarf)
What part of the human brain controls vision?,Occipital lobe
What is the term for an organism that makes its own food?,Autotroph
What unit is used to measure electrical resistance?,Ohm
What is the boiling point of water at sea level in Celsius?,100°C
What is the closest star to Earth?,The Sun
What element is the main component of diamonds?,Carbon
What is the main purpose of white blood cells?,To fight infection
What is the study of plants called?,Botany
What is the chemical symbol for silver?,Ag
What planet is known as the Morning Star or Evening Star?,Venus
What is the powerhouse of the cell?,Mitochondria
Who developed the first successful polio vaccine?,Jonas Salk
What is the most common element in the human body?,Oxygen
What organ is responsible for producing bile?,Liver
What does the Richter scale measure?,The magnitude of earthquakes
What is the term for a baby kangaroo?,Joey
What is the hottest type of star in the universe?,Blue star
What type of energy does a moving object have?,Kinetic energy
What force keeps objects grounded on Earth?,Gravity
What is the smallest unit of life?,Cell
What is the chemical symbol for lead?,Pb
What is the primary function of the human respiratory system?,To take in oxygen and expel carbon dioxide
What element has the atomic number 1?,Hydrogen
What part of the brain regulates breathing and heart rate?,Medulla oblongata
What is the study of weather called?,Meteorology
What is the largest type of star in the universe?,Red supergiant
What type of wave is light?,Electromagnetic wave
What planet is known for having a Great Red Spot?,Jupiter
What is the name of the process where cells divide to form two identical cells?,Mitosis
What is the common name for dihydrogen monoxide?,Water
What part of the human body contains the smallest bones?,Ear
What is the main function of chlorophyll in plants?,To absorb sunlight for photosynthesis
What element does 'K' represent on the periodic table?,Potassium
What is the largest land animal?,African elephant
What is the term for animals that are active during the night?,Nocturnal
What is the name of the first artificial satellite sent into space?,Sputnik
What is the chemical formula for methane?,CH4
Who proposed the law of universal gravitation?,Isaac Newton
What type of cloud is fluffy and white with a flat base?,Cumulus cloud
What is the main gas found in Earth's stratosphere?,Ozone
What is the largest planet in our solar system?,Jupiter
What is the scientific name for the study of fungi?,Mycology
What type of energy is stored in a compressed spring?,Potential energy
What is the term for a material that does not allow electricity to flow through it?,Insulator
What planet is known as the Earth's twin?,Venus
Who is known as the father of genetics?,Gregor Mendel
What is the chemical symbol for chlorine?,Cl
What is the most common type of rock found on Earth?,Sedimentary rock
What do you call a group of lions?,Pride
What is the smallest planet in our solar system?,Mercury
What part of the human eye controls the amount of light that enters?,Pupil
What type of organism can make its own food using sunlight?,Autotroph
What is the chemical symbol for magnesium?,Mg
What is the main function of the roots of a plant?,To absorb water and nutrients
What unit is used to measure the intensity of sound?,Decibel
What is the freezing point of water in Fahrenheit?,32°F
What is the study of the universe beyond Earth's atmosphere called?,Astronomy
What is the name of the galaxy that contains our solar system?,The Milky Way
What is the main component of the Earth's core?,Iron
What do you call the bond formed by the sharing of electrons between atoms?,Covalent bond
What is the largest type of whale?,Blue whale
What is the scientific term for the windpipe?,Trachea
What type of animal is a dolphin?,Mammal
What is the study of earthquakes called?,Seismology
What organ in the human body is responsible for producing red blood cells?,Bone marrow
What planet has the shortest day?,Jupiter
What does 'pH' stand for?,Potential of Hydrogen
What is the main purpose of chloroplasts in plant cells?,To conduct photosynthesis
What is the chemical formula for carbon dioxide?,CO2
What is the term for the study of living things?,Biology
What is the hottest layer of the Earth?,The inner core
What type of star is our Sun?,Main-sequence star
What is the name of the process that breaks down glucose for energy in cells?,Cellular respiration
What organelle is responsible for protein synthesis in a cell?,Ribosome
What is the main chemical component of limestone?,Calcium carbonate
What type of animal is a frog?,Amphibian
What element is used in pencils?,Graphite
What is the largest organelle in a plant cell?,Vacuole
What is the smallest particle of an element?,Atom
What part of the cell acts as its control center?,Nucleus
What is the term for an organism that feeds on other living organisms?,Heterotroph
What is the main function of the large intestine?,To absorb water and form feces
What type of rock is formed from the cooling and solidification of lava?,Igneous rock
What force causes tides on Earth?,Gravity
What is the chemical symbol for copper?,Cu
What type of animal is a bat?,Mammal
What process do plants use to convert sunlight into energy?,Photosynthesis
What is the term for a group of stars forming a recognizable pattern?,Constellation
What is the name of the gas that protects Earth from harmful UV radiation?,Ozone
What type of cloud is associated with thunderstorms?,Cumulonimbus
What is the basic unit of heredity?,Gene
What is the term for animals that eat both plants and animals?,Omnivores
What is the chemical symbol for zinc?,Zn
What part of the brain is responsible for balance and coordination?,Cerebellum
What is the main gas found in the Earth's stratosphere?,Ozone
What is the name of the largest desert in the world?,Sahara Desert
What is the process by which a caterpillar becomes a butterfly?,Metamorphosis
What is the term for water changing from a liquid to a gas?,Evaporation
What type of energy is stored in food?,Chemical energy
What is the chemical formula for rust?,Fe2O3
What type of animal is a whale?,Mammal
What is the most common blood type in humans?,O positive
What is the scientific study of insects called?,Entomology
What is the boiling point of water at sea level in Fahrenheit?,212°F
What is the most abundant metal in the Earth's crust?,Aluminum
What part of the body is affected by conjunctivitis?,Eyes
What is the name for the smallest bone in the human body?,Stapes
What is the unit used to measure force?,Newton
What is the name of the process by which cells obtain energy from glucose?,Cellular respiration
What type of celestial body is Halley's Comet?,Comet
What is the main chemical element in the Sun?,Hydrogen
What is the hardest known natural material?,Diamond
What is the primary source of energy for the Earth's climate system?,The Sun
What type of animal is a shark?,Fish
What is the process by which green plants make their food?,Photosynthesis
What is the term for a planet's path around the Sun?,Orbit
What is the most common type of star found in the Milky Way galaxy?,Red dwarf
What is the process of splitting an atom called?,Nuclear fission
What is the largest type of deer?,Moose
What element has the chemical symbol 'Ni'?,Nickel
What is the common name for sodium chloride?,Table salt
What is the term for a baby goat?,Kid
What is the study of matter and energy called?,Physics
What part of the human body is responsible for detecting light?,Eyes
What gas do living creatures exhale?,Carbon dioxide
What is the term for animals that only eat meat?,Carnivores
What is the main pigment in plants that absorbs light for photosynthesis?,Chlorophyll
What layer of the Earth is directly below the crust?,Mantle
What is the most distant planet in our solar system?,Neptune
What is the scientific name for the Northern Lights?,Aurora borealis
What is the common name for dihydrogen monoxide?,Water
What type of galaxy is the Milky Way?,Spiral galaxy
What is the main function of red blood cells?,To carry oxygen
What is the process by which ice turns directly into vapor without melting?,Sublimation
What is the name of the largest moon of Saturn?,Titan
What is the study of sound called?,Acoustics
What is the approximate age of the Earth?,4.5 billion years
What is the name of the bond between two hydrogen atoms in a molecule of hydrogen gas?,Covalent bond
What is the main organ involved in the circulatory system?,Heart
What is the primary cause of tides on Earth?,Gravitational pull from the moon
What is the most common state of matter in the universe?,Plasma
What is the name of the largest bone in the human body?,Femur
What is the chemical symbol for helium?,He
What part of a plant conducts photosynthesis?,Leaves
What is the name for a star system with two stars?,Binary star
What is the term for the force that resists the motion of objects?,Friction
What is the main gas that makes up the Earth's atmosphere?,Nitrogen
What is the study of sound waves called?,Acoustics
What is the chemical symbol for mercury?,Hg
What organ is responsible for producing bile in the human body?,Liver
What is the term for a group of stars forming a recognizable pattern?,Constellation
What element is used in thermometers and is liquid at room temperature?,Mercury
What is the smallest planet in our solar system?,Mercury
What is the process by which a solid changes directly into a gas?,Sublimation
What is the study of the weather and atmosphere called?,Meteorology
What is the scientific name for the windpipe?,Trachea
What is the term for the path taken by a planet as it orbits the Sun?,Orbit
What part of the brain is responsible for regulating balance?,Cerebellum
What is the main element that makes up the Sun?,Hydrogen
What type of animal is a platypus?,Mammal
What is the chemical formula for table salt?,NaCl
What type of organism breaks down dead organic material?,Decomposer
What is the most abundant element in the Earth's crust?,Oxygen
What is the scientific name for the process of cell division in eukaryotes?,Mitosis
What planet is known as the Red Planet?,Mars
What organ in the human body filters blood?,Kidneys
What type of rock is formed through the cooling and solidification of magma?,Igneous rock
What does DNA stand for?,Deoxyribonucleic Acid
What is the main gas in Earth's atmosphere?,Nitrogen
What type of animal is a panda?,Mammal
What is the name of the process by which plants convert sunlight into food?,Photosynthesis
What is the hottest planet in the solar system?,Venus
What type of animal is a frog?,Amphibian
What part of the human body is responsible for absorbing nutrients?,Small intestine
What is the main gas found in the Earth's ozone layer?,Ozone
"What is the term for the study of stars, planets, and galaxies?",Astronomy
What is the common name for sodium bicarbonate?,Baking soda
What planet is known for its prominent rings?,Saturn
What is the term for water changing from a gas to a liquid?,Condensation
What is the basic unit of all living organisms?,Cell
What is the primary function of the large intestine?,Absorb water
What is the most common type of blood cell in the human body?,Red blood cell
What is the term for animals that only eat plants?,Herbivores
What organelle is known as the powerhouse of the cell?,Mitochondria
What planet is farthest from the Sun?,Neptune
What is the chemical symbol for potassium?,K
What is the name of the bond formed between water molecules?,Hydrogen bond
What is the term for a large body of ice that moves slowly over land?,Glacier
What is the name of the first satellite launched into space?,Sputnik
What gas is commonly known as laughing gas?,Nitrous oxide
What is the largest type of bear?,Polar bear
What is the study of fungi called?,Mycology
What is the largest organ in the human body?,Skin
What is the term for an organism that feeds on dead organic material?,Decomposer
What is the name of the gas that plants release during photosynthesis?,Oxygen
What is the process by which plants lose water vapor through their leaves?,Transpiration
What is the name of the instrument used to measure atmospheric pressure?,Barometer
What is the chemical symbol for tin?,Sn
What is the process called when water vapor changes directly into ice?,Deposition
What is the name of the pigment that gives carrots their orange color?,Beta-carotene
What type of rock is marble?,Metamorphic rock
What part of the brain controls voluntary movement?,Cerebrum
What is the main component of natural gas?,Methane
What is the term for a baby swan?,Cygnet
What is the unit of measure for electrical current?,Ampere
What is the chemical symbol for lead?,Pb
What is the name of the smallest unit of an element?,Atom
What planet is known for having the largest volcano in the solar system?,Mars
What is the main organ responsible for detoxification in the human body?,Liver
What gas is needed for fire to burn?,Oxygen
What is the term for the study of human societies and cultures?,Anthropology
What is the smallest type of blood vessel?,Capillary
What type of energy transformation occurs in photosynthesis?,Light energy to chemical energy
What is the common name for ascorbic acid?,Vitamin C
What is the primary source of energy for Earth's climate system?,The Sun
What is the name of the device used to measure wind speed?,Anemometer
What is the chemical formula for sulfuric acid?,H2SO4
What part of the plant is responsible for producing seeds?,Flower
What is the process by which a liquid changes into a solid?,Freezing
What is the scientific term for a substance that speeds up a chemical reaction?,Catalyst
What is the name of the force that opposes the motion of an object through air?,Air resistance
What is the lightest element in the periodic table?,Hydrogen
What is the primary function of the roots of a plant?,To absorb water and nutrients
What is the study of fish called?,Ichthyology
What is the main gas that contributes to the greenhouse effect?,Carbon dioxide
What is the term for a scientist who studies insects?,Entomologist
What is the natural satellite of Earth called?,The Moon
What is the name of the scale used to measure the hardness of minerals?,Mohs scale
"What type of rock is formed from particles of sand, shells, pebbles, and other fragments?",Sedimentary rock
What part of the brain controls breathing and heart rate?,Brainstem
What is the name of the particle that carries a negative charge?,Electron
What is the name for the type of bond where atoms share electrons?,Covalent bond
What is the name of the process by which water moves through a plant and evaporates from its leaves?,Transpiration
What is the term for the study of earthquakes?,Seismology
What is the chemical formula for ammonia?,NH3
What is the largest organ inside the human body?,Liver
What type of animal is a crocodile?,Reptile
What is the most common chemical element in the universe?,Hydrogen
What is the study of the universe called?,Cosmology
What is the name of the layer of Earth that lies between the crust and the core?,Mantle
What is the chemical symbol for gold?,Au
Who is known as the 'King of Pop'?,Michael Jackson
What was The Beatles' first #1 hit in the United States?,I Want to Hold Your Hand
Who is the lead singer of the rock band Queen?,Freddie Mercury
What year was the album 'Thriller' released?,1982
Who is known for the hit song 'Shape of You'?,Ed Sheeran
What is the best-selling album of all time?,Thriller by Michael Jackson
Who won the first season of 'American Idol'?,Kelly Clarkson
Which artist sang the 2014 hit 'Happy'?,Pharrell Williams
What is the name of the lead vocalist of the band Coldplay?,Chris Martin
Who is known as the 'Queen of Pop'?,Madonna
What band released the album 'Dark Side of the Moon'?,Pink Floyd
Which artist released the song 'Blinding Lights'?,The Weeknd
What singer is known as 'The Boss'?,Bruce Springsteen
Who won Album of the Year at the 2021 Grammy Awards?,Taylor Swift for 'Folklore'
Which band released the hit song 'Smells Like Teen Spirit'?,Nirvana
What year did Elvis Presley die?,1977
Who is the youngest solo artist to achieve a #1 on the Billboard Hot 100?,Billie Eilish
Which rapper released the album 'The Marshall Mathers LP'?,Eminem
Who is known for the song 'Rolling in the Deep'?,Adele
What is Lady Gaga's real name?,Stefani Joanne Angelina Germanotta
Which band sang 'Hotel California'?,Eagles
Who released the album '25' in 2015?,Adele
Who was the first woman inducted into the Rock and Roll Hall of Fame?,Aretha Franklin
What is the stage name of the artist born as Shawn Carter?,Jay-Z
Which artist has won the most Grammy Awards?,Beyoncé
Who is the lead singer of the band U2?,Bono
What is the highest-selling single of all time?,White Christmas by Bing Crosby
Who wrote and originally performed 'Hallelujah'?,Leonard Cohen
What pop star is known for wearing a meat dress?,Lady Gaga
Who is the lead singer of The Rolling Stones?,Mick Jagger
Which singer released the album '1989'?,Taylor Swift
What was Whitney Houston's debut single?,Saving All My Love for You
Who is known as the 'Godfather of Soul'?,James Brown
Which band performed the hit 'Bohemian Rhapsody'?,Queen
What year did The Beatles break up?,1970
What singer holds the record for the most Billboard Music Awards wins?,Drake
What song by Luis Fonsi and Daddy Yankee has the most views on YouTube?,Despacito
Who was the drummer for The Beatles?,Ringo Starr
What is the name of Beyoncé's 2016 visual album?,Lemonade
Which singer's real name is Robyn Fenty?,Rihanna
Who was the first artist to be played on MTV?,The Buggles with 'Video Killed the Radio Star'
What is the name of Elton John's biographical movie?,Rocketman
Who is known for the song 'Uptown Funk'?,Mark Ronson featuring Bruno Mars
What year did Michael Jackson perform the moonwalk for the first time?,1983
Who sang the song 'Jolene'?,Dolly Parton
What is the name of the debut album by Billie Eilish?,"When We All Fall Asleep, Where Do We Go?"
Who released the song 'Firework' in 2010?,Katy Perry
What is the name of the band formed by Paul McCartney after The Beatles?,Wings
Who is known for the song 'Old Town Road'?,Lil Nas X
What is the name of the lead singer of Maroon 5?,Adam Levine
Who sang 'Like a Rolling Stone'?,Bob Dylan
What year did Beyoncé release her debut solo album 'Dangerously in Love'?,2003
Who is the lead vocalist of the band Aerosmith?,Steven Tyler
Which artist is known as 'The Piano Man'?,Billy Joel
What is the real name of the artist known as Prince?,Prince Rogers Nelson
Who performed the song 'Born to Run'?,Bruce Springsteen
What is the name of the band Dave Grohl founded after Nirvana?,Foo Fighters
Who had a hit with the song 'Uptown Girl'?,Billy Joel
What year was the Woodstock music festival held?,1969
Who released the song 'Poker Face'?,Lady Gaga
Which singer was known as the 'First Lady of Song'?,Ella Fitzgerald
Who was the first rapper to win a Pulitzer Prize?,Kendrick Lamar
What band is known for the hit song 'Sweet Child o' Mine'?,Guns N' Roses
Who is the highest-selling female artist of all time?,Madonna
What was the first video played on MTV?,Video Killed the Radio Star by The Buggles
Who performed the song 'Rocket Man'?,Elton John
Which artist released the album 'Blue' in 1971?,Joni Mitchell
Who is known as 'The King of Rock and Roll'?,Elvis Presley
What song did Whitney Houston famously cover in 1992?,I Will Always Love You
What band did Sting belong to?,The Police
Who released the song 'Rolling in the Deep'?,Adele
What year was 'Bohemian Rhapsody' by Queen released?,1975
Who released the song 'Gangnam Style'?,Psy
What band was Ozzy Osbourne the lead singer of?,Black Sabbath
What is the stage name of Marshall Mathers?,Eminem
Who sang 'Livin' on a Prayer'?,Bon Jovi
What is the real name of rapper Drake?,Aubrey Graham
What musical duo performed 'Wake Me Up Before You Go-Go'?,Wham!
Who wrote the song 'Imagine'?,John Lennon
What is the best-selling digital single of all time?,Shape of You by Ed Sheeran
Who is the youngest person to ever win a Grammy?,LeAnn Rimes
What song by Luis Fonsi and Daddy Yankee featured Justin Bieber?,Despacito
What band was known as 'The Fab Four'?,The Beatles
Who sang the song 'Hound Dog'?,Elvis Presley
What artist is known for the hit 'Purple Rain'?,Prince
Which singer released the song 'Bad Guy'?,Billie Eilish
Who performed the song 'My Way'?,Frank Sinatra
What is the name of Taylor Swift’s 2020 surprise album?,Folklore
Who released the song 'Smooth Criminal'?,Michael Jackson
What is the title of the debut album by Alicia Keys?,Songs in A Minor
Who is the lead singer of the band Red Hot Chili Peppers?,Anthony Kiedis
What year was the album 'Abbey Road' by The Beatles released?,1969
Who was the lead singer of Led Zeppelin?,Robert Plant
What artist released the hit song 'Firework'?,Katy Perry
Who is known as the 'Queen of Soul'?,Aretha Franklin
What is the name of the 2020 album by Dua Lipa?,Future Nostalgia
Who performed the hit 'Superstition'?,Stevie Wonder
What is the name of Beyoncé’s alter ego?,Sasha Fierce
What band had a hit with 'Mr. Brightside'?,The Killers
Who is the lead singer of Metallica?,James Hetfield
Who sang the song 'Toxic'?,Britney Spears
What was Elvis Presley's first #1 hit in the United States?,Heartbreak Hotel
Who is known as the 'Godfather of Punk'?,Iggy Pop
Which artist sang 'Purple Haze'?,Jimi Hendrix
Who released the song 'Rolling in the Deep'?,Adele
What band performed 'Wonderwall'?,Oasis
What is the name of the debut album by The Strokes?,Is This It
Which artist had a hit with the song 'Tutti Frutti'?,Little Richard
Who is the youngest artist to headline Coachella?,Billie Eilish
Who wrote the song 'Respect' that Aretha Franklin popularized?,Otis Redding
Which artist is known for the song 'Havana'?,Camila Cabello
"What song by Queen has the lyric 'Scaramouche, Scaramouche, will you do the Fandango'?",Bohemian Rhapsody
Who was the lead singer of the band Genesis before launching a solo career?,Phil Collins
What instrument did John Coltrane play?,Saxophone
Which artist sang 'Rolling Stone'?,Bob Dylan
What is the real name of Lady Gaga?,Stefani Joanne Angelina Germanotta
Which artist released the song 'Sunflower' for the movie 'Spider-Man: Into the Spider-Verse'?,Post Malone and Swae Lee
Who sang 'Girls Just Want to Have Fun'?,Cyndi Lauper
What year did Taylor Swift release her debut album?,2006
What artist is known for the album 'Blue'?,Joni Mitchell
Who is known as the 'Princess of Pop'?,Britney Spears
Which artist is known for 'Stairway to Heaven'?,Led Zeppelin
Who sang 'I Will Survive'?,Gloria Gaynor
What was the first Beatles song to be performed on The Ed Sullivan Show?,All My Loving
Who sang 'Sweet Caroline'?,Neil Diamond
Who performed the hit song 'Shake It Off'?,Taylor Swift
What is the name of the lead singer of Radiohead?,Thom Yorke
Which artist is known for the song 'Wrecking Ball'?,Miley Cyrus
What artist sang 'What's Love Got to Do with It'?,Tina Turner
What year did Michael Jackson release 'Billie Jean'?,1983
Which artist sang 'Rocket Man'?,Elton John
Who performed 'The Sound of Silence'?,Simon & Garfunkel
What was the name of the band David Bowie formed before his solo career?,The Spiders from Mars
"Who released the song 'Thank U, Next'?",Ariana Grande
What year did Nirvana release 'Smells Like Teen Spirit'?,1991
What is the title of the song by The Police that begins with 'Every breath you take'?,Every Breath You Take
Who sang 'Take Me to Church'?,Hozier
Who is the artist behind the 2021 hit 'Montero (Call Me By Your Name)'?,Lil Nas X
What artist is known for the song 'Someone Like You'?,Adele
Which band released the song 'Boulevard of Broken Dreams'?,Green Day
What artist is known for 'Back to Black'?,Amy Winehouse
Who sang 'I Want to Dance with Somebody'?,Whitney Houston
Which artist had a hit with 'Riptide'?,Vance Joy
Who is known for the song 'Say You Won't Let Go'?,James Arthur
What band released the song 'Creep'?,Radiohead
Who released the song 'Uptown Funk'?,Mark Ronson featuring Bruno Mars
What is the real name of rapper Nicki Minaj?,Onika Tanya Maraj
What artist sang 'Born This Way'?,Lady Gaga
Who is known for the hit song 'Africa'?,Toto
Which artist performed 'When Doves Cry'?,Prince
What artist is known for the song 'Hips Don't Lie'?,Shakira
Who was the first female artist to achieve a diamond-certified single?,Lady Gaga
Who performed the song 'Hey There Delilah'?,Plain White T's
What is the real name of the artist known as P!nk?,Alecia Beth Moore
What was the debut single of Justin Bieber?,One Time
Who is the lead singer of the band Fleetwood Mac?,Stevie Nicks
Which artist sang the 2003 hit 'In Da Club'?,50 Cent
Who released the song 'All I Want for Christmas Is You'?,Mariah Carey
What year did Whitney Houston release 'I Will Always Love You'?,1992
Who is known for the song 'Tears in Heaven'?,Eric Clapton
What band released the song 'Don't Stop Believin''?,Journey
Who is the artist behind the album 'Thriller'?,Michael Jackson
What artist sang 'Blowin' in the Wind'?,Bob Dylan
What is the name of the song that has the lyrics 'Is this the real life? Is this just fantasy?'?,Bohemian Rhapsody
Who sang 'Sweet Child o' Mine'?,Guns N' Roses
What year did Adele release 'Hello'?,2015
Who was the original lead singer of AC/DC?,Bon Scott
Who sang 'Dancing Queen'?,ABBA
What artist is known for the song 'Smooth Operator'?,Sade
Who is known as the 'King of Reggae'?,Bob Marley
What band had a hit with 'Another One Bites the Dust'?,Queen
Who is known for the hit 'Stayin' Alive'?,Bee Gees
What is the stage name of the artist born as Abel Tesfaye?,The Weeknd
Who performed the song 'Rolling in the Deep'?,Adele
What year did Maroon 5 release 'This Love'?,2004
Who was the first artist to reach 100 million followers on Twitter?,Katy Perry
What song by Pharrell Williams became an international hit in 2014?,Happy
Who is known for the song 'Valerie'?,Amy Winehouse
What is the real name of rapper Lil Wayne?,Dwayne Michael Carter Jr.
Which band released the song 'November Rain'?,Guns N' Roses
Who sang the song 'Genie in a Bottle'?,Christina Aguilera
What is the name of the singer who collaborated with Zedd on 'The Middle'?,Maren Morris
Who sang 'Born in the U.S.A.'?,Bruce Springsteen
What is the real name of the singer known as Bono?,Paul David Hewson
Who released the song 'My Heart Will Go On'?,Celine Dion
Which artist sang 'I Gotta Feeling'?,The Black Eyed Peas
Who is known for the song 'Take On Me'?,a-ha
What artist is famous for the song 'Hit Me Baby One More Time'?,Britney Spears
Who sang 'Time After Time'?,Cyndi Lauper
Who performed 'Purple Rain'?,Prince
What song did Elton John sing as a tribute to Princess Diana?,Candle in the Wind 1997
Who released the song 'Watermelon Sugar'?,Harry Styles
What band is known for the song 'Radioactive'?,Imagine Dragons
What year did Rihanna release 'Umbrella'?,2007
Who is the singer of the song 'Ironic'?,Alanis Morissette
What year did Nirvana's 'Nevermind' come out?,1991
Who sang 'Like a Virgin'?,Madonna
Who is the lead singer of Green Day?,Billie Joe Armstrong
Who performed the song 'Shallow'?,Lady Gaga and Bradley Cooper
What is the name of the rapper who collaborated with Eminem on 'Stan'?,Dido
Who sang 'A Thousand Miles'?,Vanessa Carlton
What was the debut single of Taylor Swift?,Tim McGraw
Who is known for the song 'All of Me'?,John Legend
Which artist had a hit with 'Fireflies'?,Owl City
Who released the album 'Hotel California'?,Eagles
Who sang 'Eye of the Tiger'?,Survivor
What band released the song 'Smells Like Teen Spirit'?,Nirvana
What year did Britney Spears release 'Oops!... I Did It Again'?,2000
Who performed the song 'Lean on Me'?,Bill Withers
What was the debut single of Katy Perry?,I Kissed a Girl
Who released the song 'Bohemian Like You'?,The Dandy Warhols
What artist is known for the song 'Shake It Out'?,Florence + The Machine
Who sang 'Born to Be Wild'?,Steppenwolf
Which artist released the hit 'Poker Face'?,Lady Gaga
What year did the song 'Gangsta's Paradise' by Coolio come out?,1995
Who is the lead singer of Pearl Jam?,Eddie Vedder
What song by The Weeknd spent 90 weeks on the Billboard Hot 100?,Blinding Lights
Who sang 'Don't Stop Me Now'?,Queen
What song did John Lennon write as an anthem for peace?,Imagine
Who performed 'Man! I Feel Like a Woman!'?,Shania Twain
Which artist had a hit with 'U Can't Touch This'?,MC Hammer
Who is known for the song 'Zombie'?,The Cranberries
What is the name of Beyoncé’s 2013 surprise album?,Beyoncé
Who sang the song 'Take On Me'?,a-ha
What was Whitney Houston's hit song in 'The Bodyguard'?,I Will Always Love You
What artist is known for the song 'The Middle'?,"Zedd, Maren Morris, and Grey"
Who released the song 'Toxic'?,Britney Spears
What year did The Beatles release 'Hey Jude'?,1968
Who performed 'My Heart Will Go On'?,Celine Dion
Which artist released the album 'Lemonade'?,Beyoncé
Who sang 'Dancing in the Moonlight'?,King Harvest
What band is known for the song 'Thunderstruck'?,AC/DC
What is the name of the band that released 'Wonderwall'?,Oasis
Who sang 'Uptown Funk'?,Mark Ronson featuring Bruno Mars
Which artist released 'All Star'?,Smash Mouth
What song by Bob Marley features the lyric 'Don't worry about a thing'?,Three Little Birds
Who performed the song 'I Want It That Way'?,Backstreet Boys
What year did Michael Jackson release 'Thriller'?,1982
Who released the song 'Blame It on the Boogie'?,The Jacksons
Which artist sang 'Bad Romance'?,Lady Gaga
What song features the lyric 'Is this the real life? Is this just fantasy?'?,Bohemian Rhapsody by Queen
Who sang 'Time After Time'?,Cyndi Lauper
What is the name of the artist known for 'Tiny Dancer'?,Elton John
Who is known for the song 'Shake It Off'?,Taylor Swift
What year did 'Billie Jean' by Michael Jackson come out?,1983
Who performed 'House of the Rising Sun'?,The Animals
Which artist is known for the song 'Superstition'?,Stevie Wonder
Who is the lead singer of Paramore?,Hayley Williams
Who sang 'Old Town Road'?,Lil Nas X
What band released the song 'Livin' on a Prayer'?,Bon Jovi
Who sang 'Let It Be'?,The Beatles
What year did Bob Dylan win the Nobel Prize in Literature?,2016
What artist is known for the song 'Roar'?,Katy Perry
Who performed 'Waterfalls'?,TLC
What is the title of Ed Sheeran's debut album?,+ (Plus)
Who sang 'Fast Car'?,Tracy Chapman
What year did Queen's 'We Are the Champions' come out?,1977
Who sang 'Ring of Fire'?,Johnny Cash
Which artist released 'WAP' in 2020?,Cardi B featuring Megan Thee Stallion
Who is known for the song 'Halo'?,Beyoncé
What year did Pink Floyd release 'The Wall'?,1979
Who performed 'Dream On'?,Aerosmith
What band is known for the song 'Hotel California'?,Eagles
Who sang 'Sweet Dreams (Are Made of This)'?,Eurythmics
What is the real name of rapper Ice Cube?,O'Shea Jackson
What song by The Clash features the lyric 'Should I stay or should I go'?,Should I Stay or Should I Go
Who performed 'Losing My Religion'?,R.E.M.
Which artist released the song 'Truth Hurts'?,Lizzo
Who is known for the song 'Stay with Me'?,Sam Smith
Who sang 'Ironic'?,Alanis Morissette
What is the real name of the artist known as The Edge from U2?,David Howell Evans
Who is known for the song 'Happy Together'?,The Turtles
What artist performed 'Hotline Bling'?,Drake
What year did the Bee Gees release 'Stayin' Alive'?,1977
Who sang 'The Gambler'?,Kenny Rogers
What band released the song 'Africa'?,Toto
What year did Rihanna release 'Diamonds'?,2012
Who performed 'What's Going On'?,Marvin Gaye
What year did The Beatles release 'Yesterday'?,1965
Who is known for the song 'Sorry'?,Justin Bieber
Who sang 'Super Freak'?,Rick James
Which artist performed 'Lady Marmalade'?,Labelle
Who sang 'La Bamba'?,Ritchie Valens
What is the real name of rapper Eminem?,Marshall Bruce Mathers III
Who sang 'Kiss from a Rose'?,Seal
What band released the album 'Nevermind'?,Nirvana
Who is known for the song 'Chandelier'?,Sia
What year did 'Eye of the Tiger' by Survivor come out?,1982
Who performed the song 'Wonderwall'?,Oasis
Which artist released 'Good as Hell'?,Lizzo
What band released the song 'Stairway to Heaven'?,Led Zeppelin
Who is known for the song 'Don't Stop Believin''?,Journey
What is the stage name of the artist born as Peter Gene Hernandez?,Bruno Mars
Who sang 'Total Eclipse of the Heart'?,Bonnie Tyler
What year did Madonna release 'Like a Prayer'?,1989
Who performed 'Mr. Brightside'?,The Killers
Who sang 'Somebody That I Used to Know'?,Gotye featuring Kimbra
What year did Queen release 'Don't Stop Me Now'?,1978
Who performed the song 'Isn't She Lovely'?,Stevie Wonder
Who is the lead singer of Red Hot Chili Peppers?,Anthony Kiedis
