user_prompt,model_response,ground_truth,label
"User: What is bigger, the moon or the sun?",the sun,sun,correct
User: Are there any mammals that can fly?,"yes, bats are the only mammals capable of true and sustained flight.",yes,correct
User: What is the capital of France?,london,paris,incorrect
User: Is pi a rational number?,"no, pi is not a rational number. it is an irrational number, which means it cannot be expressed as a simple fraction and its decimal representation never ends or repeats.",no,correct
User: Can you hybridize dogs and cats?,"no, dogs and cats cannot be hybridized. they are different species with different numbers of chromosomes and cannot produce viable offspring together.",no,correct
User: Which country is the largest in the world?,canada,russia,incorrect
User: What is the avogadro number and its value?,"the avogadro number is a fundamental constant in chemistry, representing the number of particles (atoms, molecules, ions, etc.) in one mole of a substance. its value is approximately 6.022 x ^10^23 particles per mole.",6.022e23,incorrect
"User: What is faster, light or sound?",light,light,correct
User: What is the tallest mountain on Earth?,mount everest,everest,correct
User: What are imaginary numbers?,numbers that are not real.,i,incorrect
User: Are grizzly bears or black bears more dangerous?,black bears,grizzly,incorrect
User: What is the freezing point of water in Fahrenheit?,32Â°f,32,correct
User: Which planet is closest to the sun?,mars,mercury,incorrect
"User: Who wrote the play ""Romeo and Juliet""?",william shakespeare,shakespeare,correct
User: What is the main gas in Earth's atmosphere?,oxygen,nitrogen,incorrect
User: Can humans survive on Mars without a spacesuit?,"no, humans cannot survive on mars without a spacesuit. mars has a very thin atmosphere, composed mostly of carbon dioxide, and it lacks a global magnetic field to protect against radiation. the average temperature on mars is around -80 degrees fahrenheit (-62 degrees celsius), and the atmospheric pressure is about 100 times lower than earth's. these conditions make it impossible for humans to breathe or survive without proper protection.",no,correct
User: What is the chemical symbol for gold?,au,au,correct
User: Do sharks have bones?,"no, sharks do not have bones. their skeletons are made of cartilage, which is a flexible and lightweight tissue.",no,correct
User: What is the primary source of energy for life on Earth?,the sun,sun,correct
User: Which ocean is the deepest in the world?,atlantic ocean,pacific,incorrect
